[
  {
    "avatar": "https://picsum.photos/id/1/200/200",
    "nombre": "Rafael Paniagua",
    "apodo": "Jirafa Comunicador",
    "imagen": "https://picsum.photos/id/1/400/400",
    "descripcion": "Un día perfecto junto a este chico moreno simpático. 😍🌴",
    "favorito": false,
    "gusta": false
  },
  {
    "avatar": "https://picsum.photos/id/64/200/200",
    "nombre": "Marta Kaur",
    "apodo": "Bisabuela Taciturno",
    "imagen": "https://picsum.photos/id/64/400/400",
    "descripcion": "La amabilidad es el lenguaje que todos podemos entender. 🌸💖",
    "favorito": true,
    "gusta": true
  },
  {
    "avatar": "https://picsum.photos/id/22/200/200",
    "nombre": "Ernesto Almagro",
    "apodo": "Pulmón De Humor Cambiante",
    "imagen": "https://picsum.photos/id/22/400/400",
    "descripcion": "La verdadera esencia de un hombre se encuentra en su valentía y determinación. ¡Nada puede detenerme! 💥🔥",
    "favorito": true,
    "gusta": false
  },
  {
    "avatar": "https://picsum.photos/id/27/200/200",
    "nombre": "Mario Conde",
    "apodo": "Cuñada Preciso",
    "imagen": "https://picsum.photos/id/27/400/400",
    "descripcion": "¡Navegando hacia la grandeza en mi majestuoso yate! ⛵✨ Disfrutando de la vida al máximo en alta mar.",
    "favorito": false,
    "gusta": true
  },
  {
    "avatar": "https://picsum.photos/id/65/200/200",
    "nombre": "Claudia Prat",
    "apodo": "Vejiga Agradable",
    "imagen": "https://picsum.photos/id/65/400/400",
    "descripcion": "Ser chica es un superpoder que brilla con luz propia. ✨💖",
    "favorito": false,
    "gusta": false
  }
]
