[
  {
    "id": 0,
    "lista": "Proceso",
    "img": "https://material.angular.io/assets/img/examples/shiba2.jpg",
    "titulo": "Titulo 1",
    "descripcion": "Lorem ipsum dolor sit amet, consectetur adipiscing elit. Mauris ac tortor quis ex mattis gravida. Integer scelerisque, ipsum vitae fermentum commodo, lectus eros sollicitudin mauris, et porta ipsum leo sed quam. Quisque at sollicitudin eros, a sodales mauris. Sed porttitor mi sit amet nunc hendrerit fringilla. Pellentesque eu tellus interdum, lobortis lacus in, semper leo. Nullam sodales gravida enim ut lacinia. Suspendisse tempus maximus quam eu lacinia. Cras nisi nisl, congue nec ante vel, tempus ultricies turpis. ",
    "usuarios": [
      {
        "email": "juanito@gmail.com",
        "nombre": "Juanito Jose",
        "img": "https://picsum.photos/200/300"
      }
    ]
  },
  {
    "id": 1,
    "lista": "Por Hacer",
    "titulo": "Titulo 2",
    "descripcion": "Lorem ipsum dolor sit amet, consectetur adipiscing elit. Mauris ac tortor quis ex mattis gravida. Integer scelerisque, ipsum vitae fermentum commodo, lectus eros sollicitudin mauris, et porta ipsum leo sed quam. Quisque at sollicitudin eros, a sodales mauris. Sed porttitor mi sit amet nunc hendrerit fringilla. Pellentesque eu tellus interdum, lobortis lacus in, semper leo. Nullam sodales gravida enim ut lacinia. Suspendisse tempus maximus quam eu lacinia. Cras nisi nisl, congue nec ante vel, tempus ultricies turpis. ",
    "usuarios": []
  },
  {
    "id": 2,
    "lista": "Proceso",
    "titulo": "Titulo 3",
    "descripcion": "Lorem ipsum dolor sit amet, consectetur adipiscing elit. Mauris ac tortor quis ex mattis gravida. Integer scelerisque, ipsum vitae fermentum commodo, lectus eros sollicitudin mauris, et porta ipsum leo sed quam. Quisque at sollicitudin eros, a sodales mauris. Sed porttitor mi sit amet nunc hendrerit fringilla. Pellentesque eu tellus interdum, lobortis lacus in, semper leo. Nullam sodales gravida enim ut lacinia. Suspendisse tempus maximus quam eu lacinia. Cras nisi nisl, congue nec ante vel, tempus ultricies turpis. ",
    "usuarios": [
      {
        "email": "juanito@gmail.com",
        "nombre": "Juanito Jose",
        "img": "https://picsum.photos/200/300"
      },
      {
        "email": "pedrito@gmail.com",
        "nombre": "Pedrito Ruiz",
        "img": "https://picsum.photos/300/300"
      }
    ]
  },
  {
    "id": 3,
    "lista": "Por Hacer",
    "titulo": "Titulo 4",
    "descripcion": "Lorem ipsum dolor sit amet, consectetur adipiscing elit. Mauris ac tortor quis ex mattis gravida. Integer scelerisque, ipsum vitae fermentum commodo, lectus eros sollicitudin mauris, et porta ipsum leo sed quam. Quisque at sollicitudin eros, a sodales mauris. Sed porttitor mi sit amet nunc hendrerit fringilla. Pellentesque eu tellus interdum, lobortis lacus in, semper leo. Nullam sodales gravida enim ut lacinia. Suspendisse tempus maximus quam eu lacinia. Cras nisi nisl, congue nec ante vel, tempus ultricies turpis. ",
    "usuarios": []
  },
  {
    "id": 4,
    "lista": "Terminado",
    "titulo": "Titulo 5",
    "descripcion": "Lorem ipsum dolor sit amet, consectetur adipiscing elit. Mauris ac tortor quis ex mattis gravida. Integer scelerisque, ipsum vitae fermentum commodo, lectus eros sollicitudin mauris, et porta ipsum leo sed quam. Quisque at sollicitudin eros, a sodales mauris. Sed porttitor mi sit amet nunc hendrerit fringilla. Pellentesque eu tellus interdum, lobortis lacus in, semper leo. Nullam sodales gravida enim ut lacinia. Suspendisse tempus maximus quam eu lacinia. Cras nisi nisl, congue nec ante vel, tempus ultricies turpis. ",
    "usuarios": [
      {
        "email": "pedrito@gmail.com",
        "nombre": "Pedrito Ruiz",
        "img": "https://picsum.photos/300/300"
      }
    ]
  }
]
